<?xml version="1.0" encoding="UTF-8"?>

<mule xmlns:ee="http://www.mulesoft.org/schema/mule/ee/core" xmlns:db="http://www.mulesoft.org/schema/mule/db"
	xmlns:http="http://www.mulesoft.org/schema/mule/http"
	xmlns="http://www.mulesoft.org/schema/mule/core" xmlns:doc="http://www.mulesoft.org/schema/mule/documentation" xmlns:xsi="http://www.w3.org/2001/XMLSchema-instance" xsi:schemaLocation="http://www.mulesoft.org/schema/mule/core http://www.mulesoft.org/schema/mule/core/current/mule.xsd
http://www.mulesoft.org/schema/mule/http http://www.mulesoft.org/schema/mule/http/current/mule-http.xsd
http://www.mulesoft.org/schema/mule/db http://www.mulesoft.org/schema/mule/db/current/mule-db.xsd
http://www.mulesoft.org/schema/mule/ee/core http://www.mulesoft.org/schema/mule/ee/core/current/mule-ee.xsd">
	<http:listener-config name="HTTP_Listener_config" doc:name="HTTP Listener config" doc:id="e4cea497-fe4c-4c3f-ac6c-30c75490a1a1" >
		<http:listener-connection host="0.0.0.0" port="8081" />
	</http:listener-config>
	<db:config name="Database_Config" doc:name="Database Config" doc:id="1220bf59-500d-4f5c-9add-906818e76056" >
		<db:my-sql-connection host="mudb.learn.mulesoft.com" port="3306" user="mule" password="mule" database="training" />
	</db:config>
	<flow name="getAccounts" doc:id="f30a07af-18b7-4c54-87bf-9328da1c0991" >
		<db:select doc:name="Select" doc:id="6480566a-fca6-4ba8-9877-fa757056df64" config-ref="Database_Config">
			<db:sql ><![CDATA[SELECT * from flights_customers]]></db:sql>
		</db:select>
		<ee:transform doc:name="Transform Message" doc:id="30ff8fe2-ff0c-4099-9239-c0c119b3e08f" >
			<ee:message >
				<ee:set-payload ><![CDATA[%dw 2.0
output application/json
---
payload map ( payload01 , indexOfPayload01 ) -> {
	accountID: payload01.accountID default "",
	name: payload01.name default "",
	street: payload01.street default "",
	city: payload01.city default "",
	state: payload01.state default "",
	postal: payload01.postal default "",
	country: payload01.country default "",
	accountType: payload01.accountType default "",
	creationDate: payload01.creationDate as String default "",
	miles: payload01.miles default 0
}]]></ee:set-payload>
			</ee:message>
		</ee:transform>
	</flow>
	<flow name="getAccountsID" doc:id="f4989c07-f3fd-4da5-baf1-f2beabb8c2e1" >
		<db:select doc:name="Copy_of_Select" doc:id="11195a5f-ba39-43ac-ac60-25c450260b0a" config-ref="Database_Config" >
			<db:sql ><![CDATA[SELECT * from flights_customers WHERE accountID = :accountID]]></db:sql>
			<db:input-parameters ><![CDATA[#[{'accountID' : attributes.uriParams.accountID}]]]></db:input-parameters>
		</db:select>
		<ee:transform doc:name="Copy_of_Transform Message" doc:id="ed2a2639-02dc-4724-8619-2f5a0252ad56" >
			<ee:message >
				<ee:set-payload ><![CDATA[%dw 2.0
output application/json
---
payload map ( payload01 , indexOfPayload01 ) -> {
	accountID: payload01.accountID default "",
	name: payload01.name default "",
	street: payload01.street default "",
	city: payload01.city default "",
	state: payload01.state default "",
	postal: payload01.postal default "",
	country: payload01.country default "",
	accountType: payload01.accountType default "",
	creationDate: payload01.creationDate as String default "",
	miles: payload01.miles default 0
}]]></ee:set-payload>
			</ee:message>
		</ee:transform>
	</flow>
	<flow name="central-it-2Flow1" doc:id="7d3e6a36-2dac-429b-8601-3ec340087aa3" >
		<set-payload value='"message": "Account not found"' doc:name="Set Payload" doc:id="7c38c856-f883-4df1-b3c0-511b564ce6d7" />
	</flow>
</mule>
